{
    "train_loss": [
        0.40184800383537206,
        0.167537144573382,
        0.12800271125826007,
        0.0963396459530003,
        0.07790159754766164,
        0.06450227920341431,
        0.05444081385011285,
        0.04821453916513288,
        0.04448292099416825,
        0.042294308905458454
    ],
    "val_loss": [
        0.3464225170494444,
        0.26729944653366366,
        0.24854726370322192,
        0.26284427456641923,
        0.25361008217196634,
        0.2987622745477326,
        0.277531308760307,
        0.2846660240535746,
        0.2948401687307528,
        0.2902023299927511
    ],
    "val_accuracy": [
        0.8834777412608306,
        0.9025993426949507,
        0.912757693456827,
        0.917538093815357,
        0.9190319689273977,
        0.9139527935464595,
        0.917538093815357,
        0.9184344188825814,
        0.9190319689273977,
        0.9196295189722139
    ],
    "best_val_loss": 0.24854726370322192,
    "test_report": [
        {
            "A0": {
                "precision": 0.9856770833333334,
                "recall": 0.997364953886693,
                "f1-score": 0.991486574983628,
                "support": 759.0
            },
            "A1": {
                "precision": 0.9782608695652174,
                "recall": 0.5921052631578947,
                "f1-score": 0.7377049180327869,
                "support": 76.0
            },
            "B0": {
                "precision": 0.990909090909091,
                "recall": 0.9519650655021834,
                "f1-score": 0.9710467706013363,
                "support": 229.0
            },
            "B1": {
                "precision": 0.9464285714285714,
                "recall": 0.9906542056074766,
                "f1-score": 0.9680365296803652,
                "support": 1177.0
            },
            "C0": {
                "precision": 0.940677966101695,
                "recall": 0.940677966101695,
                "f1-score": 0.940677966101695,
                "support": 118.0
            },
            "C1": {
                "precision": 0.803921568627451,
                "recall": 0.4900398406374502,
                "f1-score": 0.6089108910891089,
                "support": 251.0
            },
            "D0": {
                "precision": 0.662621359223301,
                "recall": 0.8584905660377359,
                "f1-score": 0.7479452054794521,
                "support": 318.0
            },
            "D1": {
                "precision": 0.9534313725490197,
                "recall": 0.9067599067599068,
                "f1-score": 0.929510155316607,
                "support": 429.0
            },
            "accuracy": 0.9180816204944892,
            "macro avg": {
                "precision": 0.90774098521721,
                "recall": 0.8410072209613795,
                "f1-score": 0.8619148764106224,
                "support": 3357.0
            },
            "weighted avg": {
                "precision": 0.9222106963087864,
                "recall": 0.9180816204944892,
                "f1-score": 0.9147440142154359,
                "support": 3357.0
            }
        },
        {
            "matrix": [
                [
                    757,
                    1,
                    1,
                    0,
                    0,
                    0,
                    0,
                    0
                ],
                [
                    4,
                    45,
                    0,
                    26,
                    0,
                    0,
                    0,
                    1
                ],
                [
                    7,
                    0,
                    218,
                    0,
                    2,
                    1,
                    0,
                    1
                ],
                [
                    0,
                    0,
                    0,
                    1166,
                    0,
                    7,
                    3,
                    1
                ],
                [
                    0,
                    0,
                    1,
                    1,
                    111,
                    5,
                    0,
                    0
                ],
                [
                    0,
                    0,
                    0,
                    23,
                    4,
                    123,
                    101,
                    0
                ],
                [
                    0,
                    0,
                    0,
                    11,
                    1,
                    17,
                    273,
                    16
                ],
                [
                    0,
                    0,
                    0,
                    5,
                    0,
                    0,
                    35,
                    389
                ]
            ],
            "labels": [
                "A0",
                "A1",
                "B0",
                "B1",
                "C0",
                "C1",
                "D0",
                "D1"
            ]
        }
    ]
}