{
    "train_loss": [
        0.3552710155704818,
        0.14616953560779614,
        0.1080103395364717,
        0.07975297928650403,
        0.05923396215273237,
        0.04560685531628172,
        0.0360592219080425,
        0.03042988818809215,
        0.022309545740775892,
        0.021112617095054943,
        0.016576746191120137,
        0.014108741793096503,
        0.010949326079575779,
        0.010585204382370761,
        0.009197087905491284,
        0.008872577179615383,
        0.006878834297499261,
        0.00627166945361066,
        0.005880866276317352,
        0.006103166201854071,
        0.00512694190968015,
        0.004979724821805251,
        0.004906312857001257,
        0.004504089291514055,
        0.004552299730374068
    ],
    "val_loss": [
        0.28469932929299546,
        0.21091790521210635,
        0.20314391989018205,
        0.1906115365299361,
        0.19167604103528613,
        0.2039408650982417,
        0.2155459970209907,
        0.23945291269486915,
        0.2632589589695192,
        0.27683103034722256,
        0.27799171643801346,
        0.3166971888554533,
        0.302765423500818,
        0.3131613467638473,
        0.344316366649617,
        0.32454540633352197,
        0.32749078538618415,
        0.36030622513507565,
        0.36110939471122355,
        0.34183390374182504,
        0.34399148553288,
        0.3678283619004486,
        0.3595475638321591,
        0.3479598860296218,
        0.3706082220535973
    ],
    "val_accuracy": [
        0.8992514036182159,
        0.9204616344354336,
        0.9282595134123518,
        0.9354335620711166,
        0.9388646288209607,
        0.938552713661884,
        0.9413599500935745,
        0.9426076107298814,
        0.9373050530255771,
        0.9391765439800375,
        0.9413599500935745,
        0.9388646288209607,
        0.9426076107298814,
        0.941983780411728,
        0.940736119775421,
        0.9401122894572677,
        0.9435433562071117,
        0.9401122894572677,
        0.9413599500935745,
        0.9426076107298814,
        0.9410480349344978,
        0.9388646288209607,
        0.9410480349344978,
        0.9410480349344978,
        0.9401122894572677
    ],
    "best_val_loss": 0.1906115365299361,
    "test_accuracy": 0.9384711000621504,
    "test_report": {
        "A0": {
            "precision": 0.9856957087126138,
            "recall": 0.9986824769433466,
            "f1-score": 0.9921465968586387,
            "support": 759.0
        },
        "A1": {
            "precision": 0.96875,
            "recall": 0.5849056603773585,
            "f1-score": 0.7294117647058823,
            "support": 53.0
        },
        "B0": {
            "precision": 0.927536231884058,
            "recall": 0.927536231884058,
            "f1-score": 0.927536231884058,
            "support": 69.0
        },
        "B1": {
            "precision": 0.9647435897435898,
            "recall": 0.9876948318293683,
            "f1-score": 0.9760843129306851,
            "support": 1219.0
        },
        "C0": {
            "precision": 0.940677966101695,
            "recall": 0.940677966101695,
            "f1-score": 0.940677966101695,
            "support": 118.0
        },
        "C1": {
            "precision": 0.8333333333333334,
            "recall": 0.21739130434782608,
            "f1-score": 0.3448275862068966,
            "support": 92.0
        },
        "D0": {
            "precision": 0.8064516129032258,
            "recall": 0.9278350515463918,
            "f1-score": 0.862895493767977,
            "support": 485.0
        },
        "D1": {
            "precision": 0.955,
            "recall": 0.9030732860520094,
            "f1-score": 0.928311057108141,
            "support": 423.0
        },
        "accuracy": 0.9384711000621504,
        "macro avg": {
            "precision": 0.9227735553348144,
            "recall": 0.8109746011352568,
            "f1-score": 0.8377363761954967,
            "support": 3218.0
        },
        "weighted avg": {
            "precision": 0.9391764846908145,
            "recall": 0.9384711000621504,
            "f1-score": 0.9320848034719921,
            "support": 3218.0
        }
    }
}