{
    "train_loss": [
        0.3898693878174764,
        0.168834152926733,
        0.1270567558510673,
        0.10090263363246826,
        0.08097578002396714,
        0.06854446392874008,
        0.05875390634142229,
        0.05083507282301399,
        0.0460794576482214,
        0.043985301128878176
    ],
    "val_loss": [
        0.3231749352615482,
        0.24508106382739278,
        0.217263875697952,
        0.23620648498905136,
        0.20587952134524648,
        0.23142306871444113,
        0.23542926948253667,
        0.24302078190654935,
        0.24029226621503244,
        0.24647016651758547
    ],
    "val_accuracy": [
        0.8834106728538283,
        0.9077726218097448,
        0.9173433874709976,
        0.9161832946635731,
        0.9254640371229699,
        0.9208236658932715,
        0.9214037122969838,
        0.919953596287703,
        0.9222737819025522,
        0.9211136890951276
    ],
    "best_val_loss": 0.20587952134524648,
    "test_accuracy": 0.915268941584731,
    "test_report": {
        "A0": {
            "precision": 0.9780645161290322,
            "recall": 0.9986824769433466,
            "f1-score": 0.9882659713168188,
            "support": 759.0
        },
        "A1": {
            "precision": 1.0,
            "recall": 0.6153846153846154,
            "f1-score": 0.7619047619047619,
            "support": 65.0
        },
        "B0": {
            "precision": 0.9910313901345291,
            "recall": 0.9650655021834061,
            "f1-score": 0.9778761061946902,
            "support": 229.0
        },
        "B1": {
            "precision": 0.9646586345381526,
            "recall": 0.985233798195242,
            "f1-score": 0.9748376623376623,
            "support": 1219.0
        },
        "C0": {
            "precision": 0.9736842105263158,
            "recall": 0.940677966101695,
            "f1-score": 0.9568965517241379,
            "support": 118.0
        },
        "C1": {
            "precision": 0.7927927927927928,
            "recall": 0.39285714285714285,
            "f1-score": 0.5253731343283582,
            "support": 224.0
        },
        "D0": {
            "precision": 0.6778398510242085,
            "recall": 0.8771084337349397,
            "f1-score": 0.7647058823529411,
            "support": 415.0
        },
        "D1": {
            "precision": 0.9249394673123487,
            "recall": 0.8904428904428905,
            "f1-score": 0.9073634204275535,
            "support": 429.0
        },
        "accuracy": 0.915268941584731,
        "macro avg": {
            "precision": 0.9128763578071725,
            "recall": 0.8331816032304098,
            "f1-score": 0.8571529363233654,
            "support": 3458.0
        },
        "weighted avg": {
            "precision": 0.9198377454206146,
            "recall": 0.915268941584731,
            "f1-score": 0.9106673349318568,
            "support": 3458.0
        }
    }
}